Temporada,Episodio,Nota,Personagens,Audiencia(Em milhoes)
1,Winter Is Coming,9.1,"Eddard 'Ned' Stark(Sean Bean),Robert Baratheon(Mark Addy),Jaime Lannister(Nikolaj Coster-Waldau),Catelyn Stark(Michelle Fairley),Cersei Lannister(Lena Headey),Daenerys Targaryen(Emilia Clarke),Jorah Mormont(Iain Glen),Viserys Targaryen(Harry Lloyd),Jon Snow(Kit Harington),Sansa Stark(Sophie Turner),Arya Stark(Maisie Williams),Robb Stark(Richard Madden),Theon Greyjoy(Alfie Allen),Bran Stark(Isaac Hempstead),Joffrey Baratheon(Jack Gleeson)",2.22
1,The Kingsroad,8.8,"Eddard 'Ned' Stark(Sean Bean),Robert Baratheon(Mark Addy),Jaime Lannister(Nikolaj Coster-Waldau),Catelyn Stark(Michelle Fairley),Cersei Lannister(Lena Headey),Daenerys Targaryen(Emilia Clarke),Jorah Mormont(Iain Glen),Viserys Targaryen(Harry Lloyd),Jon Snow(Kit Harington),Sansa Stark(Sophie Turner),Arya Stark(Maisie Williams),Robb Stark(Richard Madden),Theon Greyjoy(Alfie Allen),Bran Stark(Isaac Hempstead),Joffrey Baratheon(Jack Gleeson)",2.20
1,Lord Snow,8.7,"Eddard 'Ned' Stark(Sean Bean),Robert Baratheon(Mark Addy),Jaime Lannister(Nikolaj Coster-Waldau),Catelyn Stark(Michelle Fairley),Cersei Lannister(Lena Headey),Daenerys Targaryen(Emilia Clarke),Jorah Mormont(Iain Glen),Petyr 'Littlefinger' Baelish(Aidan Gillen),Viserys Targaryen(Harry Lloyd),Jon Snow(Kit Harington),Sansa Stark(Sophie Turner),Arya Stark(Maisie Williams),Bran Stark(Isaac Hempstead),Robb Stark(Richard Madden),Joffrey Baratheon(Jack Gleeson)",2.44
1,"Cripples, Bastards, and Broken Things",8.8,"Eddard 'Ned' Stark(Sean Bean),Robert Baratheon(Mark Addy),Jaime Lannister(Nikolaj Coster-Waldau),Catelyn Stark(Michelle Fairley),Cersei Lannister(Lena Headey),Daenerys Targaryen(Emilia Clarke),Jorah Mormont(Iain Glen),Petyr 'Littlefinger' Baelish(Aidan Gillen),Viserys Targaryen(Harry Lloyd),Jon Snow(Kit Harington),Sansa Stark(Sophie Turner),Arya Stark(Maisie Williams),Robb Stark(Richard Madden),Theon Greyjoy(Alfie Allen),Bran Stark(Isaac Hempstead)",2.45
1,The Wolf and the Lion,9.1,"Eddard 'Ned' Stark(Sean Bean),Robert Baratheon(Mark Addy),Jaime Lannister(Nikolaj Coster-Waldau),Catelyn Stark(Michelle Fairley),Cersei Lannister(Lena Headey),Petyr 'Littlefinger' Baelish(Aidan Gillen),Sansa Stark(Sophie Turner),Arya Stark(Maisie Williams),Theon Greyjoy(Alfie Allen),Bran Stark(Isaac Hempstead),Joffrey Baratheon(Jack Gleeson),Sandor 'The Hound' Clegane(Rory McCann),Tyrion Lannister(Peter Dinklage),Maester Luwin(Donald Sumpter),Lord Varys(Conleth Hill)",2.58
1,A Golden Crown,9.2,"Eddard 'Ned' Stark(Sean Bean),Robert Baratheon(Mark Addy),Catelyn Stark(Michelle Fairley),Cersei Lannister(Lena Headey),Daenerys Targaryen(Emilia Clarke),Jorah Mormont(Iain Glen),Petyr 'Littlefinger' Baelish(Aidan Gillen),Viserys Targaryen(Harry Lloyd),Robb Stark(Richard Madden),Sansa Stark(Sophie Turner),Arya Stark(Maisie Williams),Theon Greyjoy(Alfie Allen),Bran Stark(Isaac Hempstead),Joffrey Baratheon(Jack Gleeson),Tyrion Lannister(Peter Dinklage)",2.44
1,You Win or You Die,9.3,"Eddard 'Ned' Stark(Sean Bean),Robert Baratheon(Mark Addy),Jaime Lannister(Nikolaj Coster-Waldau),Cersei Lannister(Lena Headey),Daenerys Targaryen(Emilia Clarke),Jorah Mormont(Iain Glen),Petyr 'Littlefinger' Baelish(Aidan Gillen),Jon Snow(Kit Harington),Theon Greyjoy(Alfie Allen),Joffrey Baratheon(Jack Gleeson),Sandor 'The Hound' Clegane(Rory McCann),Maester Luwin(Donald Sumpter),Lord Varys(Conleth Hill),Jeor Mormont(James Cosmo),Alliser Thorne(Owen Teale)",2.42
1,The Pointy End,9.1,"Eddard 'Ned' Stark(Sean Bean),Catelyn Stark(Michelle Fairley),Cersei Lannister(Lena Headey),Daenerys Targaryen(Emilia Clarke),Jorah Mormont(Iain Glen),Petyr 'Littlefinger' Baelish(Aidan Gillen),Jon Snow(Kit Harington),Robb Stark(Richard Madden),Sansa Stark(Sophie Turner),Arya Stark(Maisie Williams),Theon Greyjoy(Alfie Allen),Bran Stark(Isaac Hempstead),Joffrey Baratheon(Jack Gleeson),Sandor 'The Hound' Clegane(Rory McCann),Tyrion Lannister(Peter Dinklage)",2.72
1,Baelor,9.6,"Eddard 'Ned' Stark(Sean Bean),Catelyn Stark(Michelle Fairley),Jaime Lannister(Nikolaj Coster-Waldau),Cersei Lannister(Lena Headey),Daenerys Targaryen(Emilia Clarke),Jorah Mormont(Iain Glen),Petyr 'Littlefinger' Baelish(Aidan Gillen),Jon Snow(Kit Harington),Robb Stark(Richard Madden),Sansa Stark(Sophie Turner),Arya Stark(Maisie Williams),Theon Greyjoy(Alfie Allen),Joffrey Baratheon(Jack Gleeson),Sandor 'The Hound' Clegane(Rory McCann),Tyrion Lannister(Peter Dinklage)",2.66
1,Fire and Blood,9.5,"Eddard 'Ned' Stark(Sean Bean),Catelyn Stark(Michelle Fairley),Jaime Lannister(Nikolaj Coster-Waldau),Cersei Lannister(Lena Headey),Daenerys Targaryen(Emilia Clarke),Jorah Mormont(Iain Glen),Petyr 'Littlefinger' Baelish(Aidan Gillen),Jon Snow(Kit Harington),Robb Stark(Richard Madden),Sansa Stark(Sophie Turner),Arya Stark(Maisie Williams),Theon Greyjoy(Alfie Allen),Bran Stark(Isaac Hempstead),Joffrey Baratheon(Jack Gleeson),Sandor 'The Hound' Clegane(Rory McCann)",2.99
2,The North Remembers,8.9,"Tyrion Lannister(Peter Dinklage),Cersei Lannister(Lena Headey),Jaime Lannister(Nikolaj Coster-Waldau),Catelyn Stark(Michelle Fairley),Daenerys Targaryen(Emilia Clarke),Petyr 'Littlefinger' Baelish(Aidan Gillen),Jorah Mormont(Iain Glen),Jon Snow(Kit Harington),Davos Seaworth(Liam Cunningham),Bran Stark(Isaac Hempstead),Robb Stark(Richard Madden),Sansa Stark(Sophie Turner),Arya Stark(Maisie Williams),Theon Greyjoy(Alfie Allen),Samwell Tarly(John Bradley)",3.86
2,The Night Lands,8.6,"Tyrion Lannister(Peter Dinklage),Cersei Lannister(Lena Headey),Daenerys Targaryen(Emilia Clarke),Petyr 'Littlefinger' Baelish(Aidan Gillen),Jorah Mormont(Iain Glen),Jon Snow(Kit Harington),Davos Seaworth(Liam Cunningham),Theon Greyjoy(Alfie Allen),Arya Stark(Maisie Williams),Stannis Baratheon(Stephen Dillane),Melisandre (as Carice Van Houten)(Carice van),Bronn(Jerome Flynn),Lord Varys(Conleth Hill),Samwell Tarly(John Bradley),Shae(Sibel Kekilli)",3.76
2,What Is Dead May Never Die,8.9,"Tyrion Lannister(Peter Dinklage),Cersei Lannister(Lena Headey),Catelyn Stark(Michelle Fairley),Petyr 'Littlefinger' Baelish(Aidan Gillen),Jon Snow(Kit Harington),Theon Greyjoy(Alfie Allen),Bran Stark(Isaac Hempstead),Sansa Stark(Sophie Turner),Arya Stark(Maisie Williams),Samwell Tarly(John Bradley),Margaery Tyrell(Natalie Dormer),Jeor Mormont(James Cosmo),Bronn(Jerome Flynn),Lord Varys(Conleth Hill),Shae(Sibel Kekilli)",3.77
2,Garden of Bones,8.9,"Tyrion Lannister(Peter Dinklage),Catelyn Stark(Michelle Fairley),Daenerys Targaryen(Emilia Clarke),Petyr 'Littlefinger' Baelish(Aidan Gillen),Jorah Mormont(Iain Glen),Tywin Lannister(Charles Dance),Davos Seaworth(Liam Cunningham),Joffrey Baratheon(Jack Gleeson),Robb Stark(Richard Madden),Sansa Stark(Sophie Turner),Arya Stark(Maisie Williams),Stannis Baratheon(Stephen Dillane),Melisandre (as Carice Van Houten)(Carice van),Margaery Tyrell(Natalie Dormer),Bronn(Jerome Flynn)",3.65
2,The Ghost of Harrenhal,8.9,"Tyrion Lannister(Peter Dinklage),Cersei Lannister(Lena Headey),Catelyn Stark(Michelle Fairley),Daenerys Targaryen(Emilia Clarke),Petyr 'Littlefinger' Baelish(Aidan Gillen),Jorah Mormont(Iain Glen),Jon Snow(Kit Harington),Tywin Lannister(Charles Dance),Davos Seaworth(Liam Cunningham),Theon Greyjoy(Alfie Allen),Samwell Tarly(John Bradley),Bran Stark(Isaac Hempstead),Arya Stark(Maisie Williams),Stannis Baratheon(Stephen Dillane),Margaery Tyrell(Natalie Dormer)",3.90
2,The Old Gods and the New,9.1,"Tyrion Lannister(Peter Dinklage),Cersei Lannister(Lena Headey),Catelyn Stark(Michelle Fairley),Daenerys Targaryen(Emilia Clarke),Petyr 'Littlefinger' Baelish(Aidan Gillen),Jon Snow(Kit Harington),Tywin Lannister(Charles Dance),Bran Stark(Isaac Hempstead),Robb Stark(Richard Madden),Sansa Stark(Sophie Turner),Arya Stark(Maisie Williams),Theon Greyjoy(Alfie Allen),Joffrey Baratheon(Jack Gleeson),Shae(Sibel Kekilli),Sandor 'The Hound' Clegane(Rory McCann)",3.88
2,A Man Without Honor,9.0,"Tyrion Lannister(Peter Dinklage),Cersei Lannister(Lena Headey),Jaime Lannister(Nikolaj Coster-Waldau),Catelyn Stark(Michelle Fairley),Daenerys Targaryen(Emilia Clarke),Jorah Mormont(Iain Glen),Jon Snow(Kit Harington),Tywin Lannister(Charles Dance),Bran Stark(Isaac Hempstead),Robb Stark(Richard Madden),Sansa Stark(Sophie Turner),Arya Stark(Maisie Williams),Theon Greyjoy(Alfie Allen),Shae(Sibel Kekilli),Sandor 'The Hound' Clegane(Rory McCann)",3.69
2,The Prince of Winterfell,8.9,"Tyrion Lannister(Peter Dinklage),Cersei Lannister(Lena Headey),Jaime Lannister(Nikolaj Coster-Waldau),Catelyn Stark(Michelle Fairley),Daenerys Targaryen(Emilia Clarke),Jorah Mormont(Iain Glen),Jon Snow(Kit Harington),Tywin Lannister(Charles Dance),Davos Seaworth(Liam Cunningham),Joffrey Baratheon(Jack Gleeson),Bran Stark(Isaac Hempstead),Robb Stark(Richard Madden),Arya Stark(Maisie Williams),Theon Greyjoy(Alfie Allen),Samwell Tarly(John Bradley)",3.86
2,Blackwater,9.7,"Tyrion Lannister(Peter Dinklage),Cersei Lannister(Lena Headey),Tywin Lannister(Charles Dance),Davos Seaworth(Liam Cunningham),Joffrey Baratheon(Jack Gleeson),Sansa Stark(Sophie Turner),Sandor 'The Hound' Clegane(Rory McCann),Stannis Baratheon(Stephen Dillane),Bronn(Jerome Flynn),Lord Varys(Conleth Hill),Shae(Sibel Kekilli),Hallyne(Roy Dotrice),Grand Maester Pycelle(Julian Glover),Lancel Lannister(Eugene Simon),Matthos Seaworth(Kerr Logan)",3.38
2,Valar Morghulis,9.5,"Tyrion Lannister(Peter Dinklage),Cersei Lannister(Lena Headey),Jaime Lannister(Nikolaj Coster-Waldau),Catelyn Stark(Michelle Fairley),Daenerys Targaryen(Emilia Clarke),Petyr 'Littlefinger' Baelish(Aidan Gillen),Jorah Mormont(Iain Glen),Jon Snow(Kit Harington),Tywin Lannister(Charles Dance),Bran Stark(Isaac Hempstead),Robb Stark(Richard Madden),Sansa Stark(Sophie Turner),Arya Stark(Maisie Williams),Theon Greyjoy(Alfie Allen),Samwell Tarly(John Bradley)",4.20
3,Valar Dohaeris,8.9,"Tyrion Lannister(Peter Dinklage),Cersei Lannister(Lena Headey),Daenerys Targaryen(Emilia Clarke),Jon Snow(Kit Harington),Robb Stark(Richard Madden),Jorah Mormont(Iain Glen),Catelyn Stark(Michelle Fairley),Petyr 'Littlefinger' Baelish(Aidan Gillen),Tywin Lannister(Charles Dance),Davos Seaworth(Liam Cunningham),Stannis Baratheon(Stephen Dillane),Melisandre (as Carice Van Houten)(Carice van),Margaery Tyrell(Natalie Dormer),Samwell Tarly(John Bradley),Joffrey Baratheon(Jack Gleeson)",4.37
3,"Dark Wings, Dark Words",8.7,"Tyrion Lannister(Peter Dinklage),Jaime Lannister(Nikolaj Coster-Waldau),Cersei Lannister(Lena Headey),Jon Snow(Kit Harington),Robb Stark(Richard Madden),Catelyn Stark(Michelle Fairley),Margaery Tyrell(Natalie Dormer),Bran Stark(Isaac Hempstead),Joffrey Baratheon(Jack Gleeson),Sansa Stark(Sophie Turner),Arya Stark(Maisie Williams),Theon Greyjoy(Alfie Allen),Talisa Stark(Oona Chaplin),Gendry(Joe Dempsie),Ygritte(Rose Leslie)",4.27
3,Walk of Punishment,8.9,"Tyrion Lannister(Peter Dinklage),Jaime Lannister(Nikolaj Coster-Waldau),Cersei Lannister(Lena Headey),Daenerys Targaryen(Emilia Clarke),Jon Snow(Kit Harington),Robb Stark(Richard Madden),Jorah Mormont(Iain Glen),Catelyn Stark(Michelle Fairley),Petyr 'Littlefinger' Baelish(Aidan Gillen),Tywin Lannister(Charles Dance),Stannis Baratheon(Stephen Dillane),Melisandre (as Carice Van Houten)(Carice van),Theon Greyjoy(Alfie Allen),Samwell Tarly(John Bradley),Arya Stark(Maisie Williams)",4.72
3,And Now His Watch Is Ended,9.6,"Tyrion Lannister(Peter Dinklage),Jaime Lannister(Nikolaj Coster-Waldau),Cersei Lannister(Lena Headey),Daenerys Targaryen(Emilia Clarke),Jorah Mormont(Iain Glen),Catelyn Stark(Michelle Fairley),Tywin Lannister(Charles Dance),Margaery Tyrell(Natalie Dormer),Theon Greyjoy(Alfie Allen),Bran Stark(Isaac Hempstead),Sansa Stark(Sophie Turner),Arya Stark(Maisie Williams),Samwell Tarly(John Bradley),Gendry(Joe Dempsie),Joffrey Baratheon(Jack Gleeson)",4.87
3,Kissed by Fire,9.1,"Tyrion Lannister(Peter Dinklage),Jaime Lannister(Nikolaj Coster-Waldau),Cersei Lannister(Lena Headey),Daenerys Targaryen(Emilia Clarke),Jon Snow(Kit Harington),Robb Stark(Richard Madden),Jorah Mormont(Iain Glen),Catelyn Stark(Michelle Fairley),Petyr 'Littlefinger' Baelish(Aidan Gillen),Tywin Lannister(Charles Dance),Davos Seaworth(Liam Cunningham),Stannis Baratheon(Stephen Dillane),Margaery Tyrell(Natalie Dormer),Talisa Stark(Oona Chaplin),Sansa Stark(Sophie Turner)",5.35
3,The Climb,8.9,"Tyrion Lannister(Peter Dinklage),Jaime Lannister(Nikolaj Coster-Waldau),Cersei Lannister(Lena Headey),Jon Snow(Kit Harington),Robb Stark(Richard Madden),Catelyn Stark(Michelle Fairley),Petyr 'Littlefinger' Baelish(Aidan Gillen),Tywin Lannister(Charles Dance),Melisandre (as Carice Van Houten)(Carice van),Theon Greyjoy(Alfie Allen),Bran Stark(Isaac Hempstead),Sansa Stark(Sophie Turner),Arya Stark(Maisie Williams),Samwell Tarly(John Bradley),Gendry(Joe Dempsie)",5.50
3,The Bear and the Maiden Fair,8.8,"Tyrion Lannister(Peter Dinklage),Jaime Lannister(Nikolaj Coster-Waldau),Daenerys Targaryen(Emilia Clarke),Jon Snow(Kit Harington),Robb Stark(Richard Madden),Jorah Mormont(Iain Glen),Catelyn Stark(Michelle Fairley),Tywin Lannister(Charles Dance),Margaery Tyrell(Natalie Dormer),Melisandre (as Carice Van Houten)(Carice van),Bran Stark(Isaac Hempstead),Sansa Stark(Sophie Turner),Arya Stark(Maisie Williams),Theon Greyjoy(Alfie Allen),Talisa Stark(Oona Chaplin)",5.84
3,Second Sons,9.1,"Tyrion Lannister(Peter Dinklage),Cersei Lannister(Lena Headey),Daenerys Targaryen(Emilia Clarke),Jorah Mormont(Iain Glen),Tywin Lannister(Charles Dance),Davos Seaworth(Liam Cunningham),Stannis Baratheon(Stephen Dillane),Melisandre (as Carice Van Houten)(Carice van),Margaery Tyrell(Natalie Dormer),Joffrey Baratheon(Jack Gleeson),Sansa Stark(Sophie Turner),Arya Stark(Maisie Williams),Samwell Tarly(John Bradley),Gendry(Joe Dempsie),Shae(Sibel Kekilli)",5.13
3,The Rains of Castamere,9.9,"Daenerys Targaryen(Emilia Clarke),Jon Snow(Kit Harington),Robb Stark(Richard Madden),Jorah Mormont(Iain Glen),Catelyn Stark(Michelle Fairley),Samwell Tarly(John Bradley),Bran Stark(Isaac Hempstead),Arya Stark(Maisie Williams),Talisa Stark(Oona Chaplin),Ygritte(Rose Leslie),Sandor 'The Hound' Clegane(Rory McCann),Walder Frey(David Bradley),Orell(Mackenzie Crook),Roose Bolton(Michael McElhatton),Barristan Selmy(Ian McElhinney)",5.22
3,Mhysa,9.2,"Tyrion Lannister(Peter Dinklage),Jaime Lannister(Nikolaj Coster-Waldau),Cersei Lannister(Lena Headey),Daenerys Targaryen(Emilia Clarke),Jon Snow(Kit Harington),Jorah Mormont(Iain Glen),Tywin Lannister(Charles Dance),Davos Seaworth(Liam Cunningham),Stannis Baratheon(Stephen Dillane),Melisandre (as Carice Van Houten)(Carice van),Bran Stark(Isaac Hempstead),Sansa Stark(Sophie Turner),Arya Stark(Maisie Williams),Theon Greyjoy(Alfie Allen),Joffrey Baratheon(Jack Gleeson)",5.39
4,Two Swords,9.1,"Tyrion Lannister(Peter Dinklage),Jaime Lannister(Nikolaj Coster-Waldau),Cersei Lannister(Lena Headey),Daenerys Targaryen(Emilia Clarke),Jon Snow(Kit Harington),Tywin Lannister(Charles Dance),Margaery Tyrell(Natalie Dormer),Joffrey Baratheon(Jack Gleeson),Sansa Stark(Sophie Turner),Arya Stark(Maisie Williams),Samwell Tarly(John Bradley),Ygritte(Rose Leslie),Tormund Giantsbane(Kristofer Hivju),Sandor 'The Hound' Clegane(Rory McCann),Brienne of Tarth(Gwendoline Christie)",6.64
4,The Lion and the Rose,9.7,"Tyrion Lannister(Peter Dinklage),Jaime Lannister(Nikolaj Coster-Waldau),Cersei Lannister(Lena Headey),Tywin Lannister(Charles Dance),Margaery Tyrell(Natalie Dormer),Davos Seaworth(Liam Cunningham),Stannis Baratheon(Stephen Dillane),Melisandre (as Carice Van Houten)(Carice van),Theon Greyjoy(Alfie Allen),Joffrey Baratheon(Jack Gleeson),Bran Stark(Isaac Hempstead),Sansa Stark(Sophie Turner),Brienne of Tarth(Gwendoline Christie),Shae(Sibel Kekilli),Ramsay Snow(Iwan Rheon)",6.31
4,Breaker of Chains,8.9,"Tyrion Lannister(Peter Dinklage),Jaime Lannister(Nikolaj Coster-Waldau),Cersei Lannister(Lena Headey),Daenerys Targaryen(Emilia Clarke),Jon Snow(Kit Harington),Petyr 'Littlefinger' Baelish(Aidan Gillen),Tywin Lannister(Charles Dance),Margaery Tyrell(Natalie Dormer),Davos Seaworth(Liam Cunningham),Stannis Baratheon(Stephen Dillane),Joffrey Baratheon(Jack Gleeson),Sansa Stark(Sophie Turner),Arya Stark(Maisie Williams),Sandor 'The Hound' Clegane(Rory McCann),Samwell Tarly(John Bradley)",6.59
4,Oathkeeper,8.9,"Tyrion Lannister(Peter Dinklage),Jaime Lannister(Nikolaj Coster-Waldau),Cersei Lannister(Lena Headey),Daenerys Targaryen(Emilia Clarke),Jon Snow(Kit Harington),Petyr 'Littlefinger' Baelish(Aidan Gillen),Margaery Tyrell(Natalie Dormer),Samwell Tarly(John Bradley),Bran Stark(Isaac Hempstead),Sansa Stark(Sophie Turner),Brienne of Tarth(Gwendoline Christie),Bronn(Jerome Flynn),Jorah Mormont(Iain Glen),Olenna Tyrell(Diana Rigg),Daario Naharis(Michiel Huisman)",6.95
4,First of His Name,8.8,"Jaime Lannister(Nikolaj Coster-Waldau),Cersei Lannister(Lena Headey),Daenerys Targaryen(Emilia Clarke),Jon Snow(Kit Harington),Petyr 'Littlefinger' Baelish(Aidan Gillen),Tywin Lannister(Charles Dance),Margaery Tyrell(Natalie Dormer),Bran Stark(Isaac Hempstead),Sansa Stark(Sophie Turner),Arya Stark(Maisie Williams),Sandor 'The Hound' Clegane(Rory McCann),Brienne of Tarth(Gwendoline Christie),Lord Varys(Conleth Hill),Jorah Mormont(Iain Glen),Oberyn Martell(Pedro Pascal)",7.16
4,The Laws of Gods and Men,9.7,"Tyrion Lannister(Peter Dinklage),Jaime Lannister(Nikolaj Coster-Waldau),Cersei Lannister(Lena Headey),Daenerys Targaryen(Emilia Clarke),Tywin Lannister(Charles Dance),Margaery Tyrell(Natalie Dormer),Davos Seaworth(Liam Cunningham),Stannis Baratheon(Stephen Dillane),Theon Greyjoy(Alfie Allen),Ramsay Snow(Iwan Rheon),Lord Varys(Conleth Hill),Shae(Sibel Kekilli),Jorah Mormont(Iain Glen),Oberyn Martell(Pedro Pascal),Grand Maester Pycelle(Julian Glover)",6.40
4,Mockingbird,9.2,"Tyrion Lannister(Peter Dinklage),Jaime Lannister(Nikolaj Coster-Waldau),Cersei Lannister(Lena Headey),Daenerys Targaryen(Emilia Clarke),Jon Snow(Kit Harington),Petyr 'Littlefinger' Baelish(Aidan Gillen),Melisandre (as Carice Van Houten)(Carice van),Samwell Tarly(John Bradley),Sansa Stark(Sophie Turner),Arya Stark(Maisie Williams),Sandor 'The Hound' Clegane(Rory McCann),Brienne of Tarth(Gwendoline Christie),Bronn(Jerome Flynn),Jorah Mormont(Iain Glen),Oberyn Martell(Pedro Pascal)",7.20
4,The Mountain and the Viper,9.7,"Tyrion Lannister(Peter Dinklage),Jaime Lannister(Nikolaj Coster-Waldau),Cersei Lannister(Lena Headey),Daenerys Targaryen(Emilia Clarke),Jon Snow(Kit Harington),Petyr 'Littlefinger' Baelish(Aidan Gillen),Tywin Lannister(Charles Dance),Theon Greyjoy(Alfie Allen),Samwell Tarly(John Bradley),Sansa Stark(Sophie Turner),Arya Stark(Maisie Williams),Ygritte(Rose Leslie),Tormund Giantsbane(Kristofer Hivju),Gilly(Hannah Murray),Ramsay Snow(Iwan Rheon)",7.17
4,The Watchers on the Wall,9.6,"Jon Snow(Kit Harington),Samwell Tarly(John Bradley),Gilly(Hannah Murray),Ygritte(Rose Leslie),Tormund Giantsbane(Kristofer Hivju),Maester Aemon(Peter Vaughan),Alliser Thorne(Owen Teale),Janos Slynt(Dominic Carter),Grenn(Mark Stanley),Eddison Tollett(Ben Crompton),Styr(Yuri Kolokolnikov),Pypar(Josef Altin),Olly(Brenock O'Connor),Thenn Warg(Joseph Gatt),Dongo the Giant(Ian Whyte)",6.95
4,The Children,9.7,"Tyrion Lannister(Peter Dinklage),Jaime Lannister(Nikolaj Coster-Waldau),Cersei Lannister(Lena Headey),Daenerys Targaryen(Emilia Clarke),Jon Snow(Kit Harington),Tywin Lannister(Charles Dance),Davos Seaworth(Liam Cunningham),Stannis Baratheon(Stephen Dillane),Melisandre (as Carice Van Houten)(Carice van),Samwell Tarly(John Bradley),Bran Stark(Isaac Hempstead),Arya Stark(Maisie Williams),Sandor 'The Hound' Clegane(Rory McCann),Ygritte(Rose Leslie),Tormund Giantsbane(Kristofer Hivju)",07.09
5,The Wars to Come,8.6,"Tyrion Lannister(Peter Dinklage),Jaime Lannister(Nikolaj Coster-Waldau),Cersei Lannister(Lena Headey),Daenerys Targaryen(Emilia Clarke),Jon Snow(Kit Harington),Petyr 'Littlefinger' Baelish(Aidan Gillen),Tywin Lannister(Charles Dance),Margaery Tyrell(Natalie Dormer),Stannis Baratheon(Stephen Dillane),Davos Seaworth(Liam Cunningham),Melisandre (as Carice Van Houten)(Carice van),Samwell Tarly(John Bradley),Sansa Stark(Sophie Turner),Tormund Giantsbane(Kristofer Hivju),Gilly(Hannah Murray)",8.00
5,The House of Black and White,8.6,"Tyrion Lannister(Peter Dinklage),Jaime Lannister(Nikolaj Coster-Waldau),Cersei Lannister(Lena Headey),Daenerys Targaryen(Emilia Clarke),Jon Snow(Kit Harington),Petyr 'Littlefinger' Baelish(Aidan Gillen),Stannis Baratheon(Stephen Dillane),Davos Seaworth(Liam Cunningham),Ellaria Sand(Indira Varma),Arya Stark(Maisie Williams),Sansa Stark(Sophie Turner),Lord Varys(Conleth Hill),Bronn(Jerome Flynn),Samwell Tarly(John Bradley),Gilly(Hannah Murray)",6.81
5,High Sparrow,8.6,"Tyrion Lannister(Peter Dinklage),Cersei Lannister(Lena Headey),Jon Snow(Kit Harington),Petyr 'Littlefinger' Baelish(Aidan Gillen),Margaery Tyrell(Natalie Dormer),Stannis Baratheon(Stephen Dillane),Davos Seaworth(Liam Cunningham),Lord Varys(Conleth Hill),Theon Greyjoy(Alfie Allen),Sansa Stark(Sophie Turner),Arya Stark(Maisie Williams),Samwell Tarly(John Bradley),Brienne of Tarth(Gwendoline Christie),Tommen Baratheon(Dean-Charles Chapman),Jaqen H'ghar(Tom Wlaschiha)",6.71
5,Sons of the Harpy,8.8,"Tyrion Lannister(Peter Dinklage),Jaime Lannister(Nikolaj Coster-Waldau),Cersei Lannister(Lena Headey),Daenerys Targaryen(Emilia Clarke),Jon Snow(Kit Harington),Petyr 'Littlefinger' Baelish(Aidan Gillen),Margaery Tyrell(Natalie Dormer),Stannis Baratheon(Stephen Dillane),Melisandre (as Carice Van Houten)(Carice van),Ellaria Sand(Indira Varma),Samwell Tarly(John Bradley),Sansa Stark(Sophie Turner),Bronn(Jerome Flynn),Daario Naharis(Michiel Huisman),Missandei(Nathalie Emmanuel)",6.82
5,Kill the Boy,8.7,"Tyrion Lannister(Peter Dinklage),Daenerys Targaryen(Emilia Clarke),Jon Snow(Kit Harington),Stannis Baratheon(Stephen Dillane),Davos Seaworth(Liam Cunningham),Melisandre (as Carice Van Houten)(Carice van),Theon Greyjoy(Alfie Allen),Samwell Tarly(John Bradley),Sansa Stark(Sophie Turner),Gilly(Hannah Murray),Daario Naharis(Michiel Huisman),Missandei(Nathalie Emmanuel),Brienne of Tarth(Gwendoline Christie),Tormund Giantsbane(Kristofer Hivju),Roose Bolton(Michael McElhatton)",6.56
5,"Unbowed, Unbent, Unbroken",8.1,"Tyrion Lannister(Peter Dinklage),Jaime Lannister(Nikolaj Coster-Waldau),Cersei Lannister(Lena Headey),Petyr 'Littlefinger' Baelish(Aidan Gillen),Margaery Tyrell(Natalie Dormer),Ellaria Sand(Indira Varma),Arya Stark(Maisie Williams),Sansa Stark(Sophie Turner),Bronn(Jerome Flynn),Theon Greyjoy(Alfie Allen),Roose Bolton(Michael McElhatton),Ramsay Bolton(Iwan Rheon),Jaqen H'ghar(Tom Wlaschiha),Tommen Baratheon(Dean-Charles Chapman),Jorah Mormont(Iain Glen)",6.24
5,The Gift,9.1,"Tyrion Lannister(Peter Dinklage),Jaime Lannister(Nikolaj Coster-Waldau),Cersei Lannister(Lena Headey),Daenerys Targaryen(Emilia Clarke),Jon Snow(Kit Harington),Petyr 'Littlefinger' Baelish(Aidan Gillen),Margaery Tyrell(Natalie Dormer),Stannis Baratheon(Stephen Dillane),Davos Seaworth(Liam Cunningham),Melisandre (as Carice Van Houten)(Carice van),Samwell Tarly(John Bradley),Tormund Giantsbane(Kristofer Hivju),Gilly(Hannah Murray),Tommen Baratheon(Dean-Charles Chapman),Theon Greyjoy(Alfie Allen)",5.40
5,Hardhome,9.9,"Tyrion Lannister(Peter Dinklage),Cersei Lannister(Lena Headey),Daenerys Targaryen(Emilia Clarke),Jon Snow(Kit Harington),Sansa Stark(Sophie Turner),Arya Stark(Maisie Williams),Samwell Tarly(John Bradley),Gilly(Hannah Murray),Tormund Giantsbane(Kristofer Hivju),Theon Greyjoy(Alfie Allen),Missandei(Nathalie Emmanuel),Jaqen H'ghar(Tom Wlaschiha),Roose Bolton(Michael McElhatton),Ramsay Bolton(Iwan Rheon),Jorah Mormont(Iain Glen)",07.01
5,The Dance of Dragons,9.5,"Tyrion Lannister(Peter Dinklage),Jaime Lannister(Nikolaj Coster-Waldau),Daenerys Targaryen(Emilia Clarke),Jon Snow(Kit Harington),Stannis Baratheon(Stephen Dillane),Davos Seaworth(Liam Cunningham),Melisandre (as Carice Van Houten)(Carice van),Ellaria Sand(Indira Varma),Arya Stark(Maisie Williams),Bronn(Jerome Flynn),Samwell Tarly(John Bradley),Tormund Giantsbane(Kristofer Hivju),Jaqen H'ghar(Tom Wlaschiha),Daario Naharis(Michiel Huisman),Missandei(Nathalie Emmanuel)",7.14
5,Mother's Mercy,9.1,"Tyrion Lannister(Peter Dinklage),Jaime Lannister(Nikolaj Coster-Waldau),Cersei Lannister(Lena Headey),Daenerys Targaryen(Emilia Clarke),Jon Snow(Kit Harington),Stannis Baratheon(Stephen Dillane),Davos Seaworth(Liam Cunningham),Melisandre (as Carice Van Houten)(Carice van),Ellaria Sand(Indira Varma),Arya Stark(Maisie Williams),Sansa Stark(Sophie Turner),Samwell Tarly(John Bradley),Gilly(Hannah Murray),Missandei(Nathalie Emmanuel),Daario Naharis(Michiel Huisman)",8.11
6,The Red Woman,8.6,"Tyrion Lannister(Peter Dinklage),Jaime Lannister(Nikolaj Coster-Waldau),Cersei Lannister(Lena Headey),Daenerys Targaryen(Emilia Clarke),Jon Snow(Kit Harington),Davos Seaworth(Liam Cunningham),Melisandre (as Carice Van Houten)(Carice van),Margaery Tyrell(Natalie Dormer),Ellaria Sand(Indira Varma),Sansa Stark(Sophie Turner),Arya Stark(Maisie Williams),Lord Varys(Conleth Hill),Theon Greyjoy(Alfie Allen),Brienne of Tarth(Gwendoline Christie),High Sparrow(Jonathan Pryce)",7.94
6,Home,9.4,"Tyrion Lannister(Peter Dinklage),Jaime Lannister(Nikolaj Coster-Waldau),Cersei Lannister(Lena Headey),Jon Snow(Kit Harington),Davos Seaworth(Liam Cunningham),Melisandre (as Carice Van Houten)(Carice van),Sansa Stark(Sophie Turner),Missandei(Nathalie Emmanuel),Arya Stark(Maisie Williams),Lord Varys(Conleth Hill),High Sparrow(Jonathan Pryce),Tormund Giantsbane(Kristofer Hivju),Theon Greyjoy(Alfie Allen),Jaqen H'ghar(Tom Wlaschiha),Ramsay Bolton(Iwan Rheon)",7.29
6,Oathbreaker,8.8,"Tyrion Lannister(Peter Dinklage),Jaime Lannister(Nikolaj Coster-Waldau),Cersei Lannister(Lena Headey),Daenerys Targaryen(Emilia Clarke),Jon Snow(Kit Harington),Davos Seaworth(Liam Cunningham),Melisandre (as Carice Van Houten)(Carice van),Missandei(Nathalie Emmanuel),Arya Stark(Maisie Williams),Lord Varys(Conleth Hill),Tormund Giantsbane(Kristofer Hivju),Bran Stark(Isaac Hempstead),Samwell Tarly(John Bradley),Ramsay Bolton(Iwan Rheon),High Sparrow(Jonathan Pryce)",7.28
6,Book of the Stranger,9.2,"Tyrion Lannister(Peter Dinklage),Jaime Lannister(Nikolaj Coster-Waldau),Cersei Lannister(Lena Headey),Daenerys Targaryen(Emilia Clarke),Jon Snow(Kit Harington),Margaery Tyrell(Natalie Dormer),Petyr 'Littlefinger' Baelish(Aidan Gillen),Davos Seaworth(Liam Cunningham),Melisandre (as Carice Van Houten)(Carice van),Sansa Stark(Sophie Turner),Missandei(Nathalie Emmanuel),Lord Varys(Conleth Hill),Tormund Giantsbane(Kristofer Hivju),High Sparrow(Jonathan Pryce),Daario Naharis(Michiel Huisman)",7.82
6,The Door,9.7,"Tyrion Lannister(Peter Dinklage),Daenerys Targaryen(Emilia Clarke),Jon Snow(Kit Harington),Petyr 'Littlefinger' Baelish(Aidan Gillen),Davos Seaworth(Liam Cunningham),Melisandre (as Carice Van Houten)(Carice van),Sansa Stark(Sophie Turner),Missandei(Nathalie Emmanuel),Arya Stark(Maisie Williams),Lord Varys(Conleth Hill),Bran Stark(Isaac Hempstead),Tormund Giantsbane(Kristofer Hivju),Theon Greyjoy(Alfie Allen),Daario Naharis(Michiel Huisman),Brienne of Tarth(Gwendoline Christie)",7.89
6,Blood of My Blood,8.5,"Jaime Lannister(Nikolaj Coster-Waldau),Cersei Lannister(Lena Headey),Daenerys Targaryen(Emilia Clarke),Margaery Tyrell(Natalie Dormer),Arya Stark(Maisie Williams),High Sparrow(Jonathan Pryce),Samwell Tarly(John Bradley),Bran Stark(Isaac Hempstead),Daario Naharis(Michiel Huisman),Jaqen H'ghar(Tom Wlaschiha),Tommen Baratheon(Dean-Charles Chapman),Gilly(Hannah Murray),Olenna Tyrell(Diana Rigg),Izembaro(Richard Grant),Walder Frey(David Bradley)",6.71
6,The Broken Man,8.7,"Jaime Lannister(Nikolaj Coster-Waldau),Cersei Lannister(Lena Headey),Jon Snow(Kit Harington),Margaery Tyrell(Natalie Dormer),Davos Seaworth(Liam Cunningham),Sansa Stark(Sophie Turner),Sandor 'The Hound' Clegane(Rory McCann),Arya Stark(Maisie Williams),High Sparrow(Jonathan Pryce),Tormund Giantsbane(Kristofer Hivju),Bronn(Jerome Flynn),Theon Greyjoy(Alfie Allen),Brother Ray(Ian McShane),Olenna Tyrell(Diana Rigg),Brynden 'Blackfish' Tully(Clive Russell)",7.80
6,No One,8.5,"Tyrion Lannister(Peter Dinklage),Jaime Lannister(Nikolaj Coster-Waldau),Cersei Lannister(Lena Headey),Daenerys Targaryen(Emilia Clarke),Missandei(Nathalie Emmanuel),Arya Stark(Maisie Williams),Lord Varys(Conleth Hill),Sandor 'The Hound' Clegane(Rory McCann),Bronn(Jerome Flynn),Brienne of Tarth(Gwendoline Christie),Jaqen H'ghar(Tom Wlaschiha),Tommen Baratheon(Dean-Charles Chapman),Izembaro(Richard Grant),Lady Crane(Davis Essie),Grand Maester Pycelle(Julian Glover)",7.60
6,Battle of the Bastards,9.9,"Tyrion Lannister(Peter Dinklage),Jon Snow(Kit Harington),Daenerys Targaryen(Emilia Clarke),Davos Seaworth(Liam Cunningham),Sansa Stark(Sophie Turner),Petyr 'Littlefinger' Baelish(Aidan Gillen),Melisandre (as Carice Van Houten)(Carice van),Missandei(Nathalie Emmanuel),Tormund Giantsbane(Kristofer Hivju),Ramsay Bolton(Iwan Rheon),Theon Greyjoy(Alfie Allen),Daario Naharis(Michiel Huisman),Grey Worm(Jacob Anderson),Yara Greyjoy(Gemma Whelan),Wun Wun(Ian Whyte)",7.66
6,The Winds of Winter,9.9,"Tyrion Lannister(Peter Dinklage),Jaime Lannister(Nikolaj Coster-Waldau),Cersei Lannister(Lena Headey),Jon Snow(Kit Harington),Daenerys Targaryen(Emilia Clarke),Margaery Tyrell(Natalie Dormer),Davos Seaworth(Liam Cunningham),Sansa Stark(Sophie Turner),Petyr 'Littlefinger' Baelish(Aidan Gillen),Melisandre (as Carice Van Houten)(Carice van),Missandei(Nathalie Emmanuel),Ellaria Sand(Indira Varma),Arya Stark(Maisie Williams),High Sparrow(Jonathan Pryce),Lord Varys(Conleth Hill)",8.89
7,Dragonstone,8.7,"Tyrion Lannister(Peter Dinklage),Jaime Lannister(Nikolaj Coster-Waldau),Cersei Lannister(Lena Headey),Daenerys Targaryen(Emilia Clarke),Jon Snow(Kit Harington),Petyr 'Littlefinger' Baelish(Aidan Gillen),Davos Seaworth(Liam Cunningham),Sansa Stark(Sophie Turner),Arya Stark(Maisie Williams),Missandei(Nathalie Emmanuel),Brienne of Tarth(Gwendoline Christie),Lord Varys(Conleth Hill),Samwell Tarly(John Bradley),Bran Stark(Isaac Hempstead),Gilly(Hannah Murray)",10.11
7,Stormborn,9.0,"Tyrion Lannister(Peter Dinklage),Jaime Lannister(Nikolaj Coster-Waldau),Cersei Lannister(Lena Headey),Daenerys Targaryen(Emilia Clarke),Jon Snow(Kit Harington),Petyr 'Littlefinger' Baelish(Aidan Gillen),Davos Seaworth(Liam Cunningham),Sansa Stark(Sophie Turner),Arya Stark(Maisie Williams),Melisandre (as Carice Van Houten)(Carice van),Missandei(Nathalie Emmanuel),Ellaria Sand(Indira Varma),Theon Greyjoy(Alfie Allen),Samwell Tarly(John Bradley),Brienne of Tarth(Gwendoline Christie)",9.27
7,The Queen's Justice,9.3,"Tyrion Lannister(Peter Dinklage),Jaime Lannister(Nikolaj Coster-Waldau),Cersei Lannister(Lena Headey),Daenerys Targaryen(Emilia Clarke),Jon Snow(Kit Harington),Petyr 'Littlefinger' Baelish(Aidan Gillen),Davos Seaworth(Liam Cunningham),Melisandre (as Carice Van Houten)(Carice van),Sansa Stark(Sophie Turner),Missandei(Nathalie Emmanuel),Ellaria Sand(Indira Varma),Theon Greyjoy(Alfie Allen),Samwell Tarly(John Bradley),Bran Stark(Isaac Hempstead),Lord Varys(Conleth Hill)",9.25
7,The Spoils of War,9.8,"Tyrion Lannister(Peter Dinklage),Jaime Lannister(Nikolaj Coster-Waldau),Cersei Lannister(Lena Headey),Daenerys Targaryen(Emilia Clarke),Jon Snow(Kit Harington),Petyr 'Littlefinger' Baelish(Aidan Gillen),Davos Seaworth(Liam Cunningham),Sansa Stark(Sophie Turner),Arya Stark(Maisie Williams),Missandei(Nathalie Emmanuel),Lord Varys(Conleth Hill),Bronn(Jerome Flynn),Theon Greyjoy(Alfie Allen),Brienne of Tarth(Gwendoline Christie),Bran Stark(Isaac Hempstead)",10.17
7,Eastwatch,8.9,"Tyrion Lannister(Peter Dinklage),Jaime Lannister(Nikolaj Coster-Waldau),Cersei Lannister(Lena Headey),Daenerys Targaryen(Emilia Clarke),Jon Snow(Kit Harington),Petyr 'Littlefinger' Baelish(Aidan Gillen),Davos Seaworth(Liam Cunningham),Sansa Stark(Sophie Turner),Arya Stark(Maisie Williams),Lord Varys(Conleth Hill),Sandor 'The Hound' Clegane(Rory McCann),Bran Stark(Isaac Hempstead),Bronn(Jerome Flynn),Samwell Tarly(John Bradley),Gilly(Hannah Murray)",10.72
7,Beyond the Wall,9.1,"Tyrion Lannister(Peter Dinklage),Daenerys Targaryen(Emilia Clarke),Jon Snow(Kit Harington),Petyr 'Littlefinger' Baelish(Aidan Gillen),Davos Seaworth(Liam Cunningham),Sansa Stark(Sophie Turner),Arya Stark(Maisie Williams),Brienne of Tarth(Gwendoline Christie),Sandor 'The Hound' Clegane(Rory McCann),Tormund Giantsbane(Kristofer Hivju),Gendry(Joe Dempsie),Jorah Mormont(Iain Glen),Beric Dondarrion(Richard Dormer),Thoros of Myr(Paul Kaye),Benjen Stark(Joseph Mawle)",10.24
7,The Dragon and the Wolf,9.5,"Tyrion Lannister(Peter Dinklage),Jaime Lannister(Nikolaj Coster-Waldau),Cersei Lannister(Lena Headey),Daenerys Targaryen(Emilia Clarke),Jon Snow(Kit Harington),Petyr 'Littlefinger' Baelish(Aidan Gillen),Davos Seaworth(Liam Cunningham),Sansa Stark(Sophie Turner),Arya Stark(Maisie Williams),Missandei(Nathalie Emmanuel),Theon Greyjoy(Alfie Allen),Samwell Tarly(John Bradley),Bran Stark(Isaac Hempstead),Lord Varys(Conleth Hill),Bronn(Jerome Flynn)",12.07
8,Winterfell,7.7,"Tyrion Lannister(Peter Dinklage),Jaime Lannister(Nikolaj Coster-Waldau),Cersei Lannister(Lena Headey),Daenerys Targaryen(Emilia Clarke),Jon Snow(Kit Harington),Sansa Stark(Sophie Turner),Arya Stark(Maisie Williams),Davos Seaworth(Liam Cunningham),Missandei(Nathalie Emmanuel),Theon Greyjoy(Alfie Allen),Samwell Tarly(John Bradley),Bran Stark(Isaac Hempstead),Brienne of Tarth(Gwendoline Christie),Lord Varys(Conleth Hill),Sandor 'The Hound' Clegane(Rory McCann)",11.76
8,A Knight of the Seven Kingdoms,8.0,"Tyrion Lannister(Peter Dinklage),Jaime Lannister(Nikolaj Coster-Waldau),Daenerys Targaryen(Emilia Clarke),Jon Snow(Kit Harington),Sansa Stark(Sophie Turner),Arya Stark(Maisie Williams),Davos Seaworth(Liam Cunningham),Missandei(Nathalie Emmanuel),Theon Greyjoy(Alfie Allen),Gendry(Joe Dempsie),Bran Stark(Isaac Hempstead),Samwell Tarly(John Bradley),Gilly(Hannah Murray),Brienne of Tarth(Gwendoline Christie),Lord Varys(Conleth Hill)",10.29
8,The Long Night,7.6,"Tyrion Lannister(Peter Dinklage),Jaime Lannister(Nikolaj Coster-Waldau),Daenerys Targaryen(Emilia Clarke),Jon Snow(Kit Harington),Sansa Stark(Sophie Turner),Arya Stark(Maisie Williams),Davos Seaworth(Liam Cunningham),Melisandre (as Carice Van Houten)(Carice van),Missandei(Nathalie Emmanuel),Theon Greyjoy(Alfie Allen),Bran Stark(Isaac Hempstead),Samwell Tarly(John Bradley),Gilly(Hannah Murray),Brienne of Tarth(Gwendoline Christie),Lord Varys(Conleth Hill)",12.02
8,The Last of the Starks,5.6,"Tyrion Lannister(Peter Dinklage),Jaime Lannister(Nikolaj Coster-Waldau),Cersei Lannister(Lena Headey),Daenerys Targaryen(Emilia Clarke),Jon Snow(Kit Harington),Sansa Stark(Sophie Turner),Arya Stark(Maisie Williams),Davos Seaworth(Liam Cunningham),Missandei(Nathalie Emmanuel),Theon Greyjoy(Alfie Allen),Bran Stark(Isaac Hempstead),Brienne of Tarth(Gwendoline Christie),Lord Varys(Conleth Hill),Samwell Tarly(John Bradley),Gilly(Hannah Murray)",11.80
8,The Bells,6.2,"Tyrion Lannister(Peter Dinklage),Jaime Lannister(Nikolaj Coster-Waldau),Cersei Lannister(Lena Headey),Daenerys Targaryen(Emilia Clarke),Jon Snow(Kit Harington),Arya Stark(Maisie Williams),Davos Seaworth(Liam Cunningham),Lord Varys(Conleth Hill),Sandor 'The Hound' Clegane(Rory McCann),Grey Worm(Jacob Anderson),Euron Greyjoy(Pilou Asbæk),Qyburn(Anton Lesser),Gregor 'The Mountain' Clegane(Hafþór Júlíus),Nora(Laura Elphinstone),Harry Strickland(Marc Rissmann)",12.48
8,The Iron Throne,4.3,"Tyrion Lannister(Peter Dinklage),Jaime Lannister(Nikolaj Coster-Waldau),Cersei Lannister(Lena Headey),Daenerys Targaryen(Emilia Clarke),Jon Snow(Kit Harington),Sansa Stark(Sophie Turner),Arya Stark(Maisie Williams),Davos Seaworth(Liam Cunningham),Samwell Tarly(John Bradley),Bran Stark(Isaac Hempstead),Brienne of Tarth(Gwendoline Christie),Bronn(Jerome Flynn),Tormund Giantsbane(Kristofer Hivju),Gendry(Joe Dempsie),Grey Worm(Jacob Anderson)",13.61